{"404.php":[],"archive.php":[],"comments.php":[],"footer.php":[],"functions.php":[],"header.php":[],"image.php":[],"inc/class-wp-bootstrap-navwalker.php":[],"inc/custom-header.php":[],"inc/customizer.php":[],"inc/extras.php":[],"inc/jetpack.php":[],"inc/libraries/epsilon-framework/class-epsilon-autoloader.php":[],"inc/libraries/epsilon-framework/class-epsilon-color-coded-categories.php":[],"inc/libraries/epsilon-framework/class-epsilon-color-scheme.php":[],"inc/libraries/epsilon-framework/class-epsilon-framework.php":[],"inc/libraries/epsilon-framework/class-epsilon-notify-system.php":[],"inc/libraries/epsilon-framework/class-epsilon-typography.php":[],"inc/libraries/epsilon-framework/controls/class-epsilon-control-color-scheme.php":[],"inc/libraries/epsilon-framework/controls/class-epsilon-control-slider.php":[],"inc/libraries/epsilon-framework/controls/class-epsilon-control-toggle.php":[],"inc/libraries/epsilon-framework/controls/class-epsilon-control-typography.php":[],"inc/libraries/epsilon-framework/controls/class-epsilon-control-upsell.php":[],"inc/libraries/epsilon-framework/sections/class-epsilon-section-pro.php":[],"inc/libraries/epsilon-framework/sections/class-epsilon-section-recommended-actions.php":[],"inc/metaboxes.php":[],"inc/template-tags.php":[],"inc/welcome-screen/class-sparkling-notify-system.php":[],"inc/welcome-screen/class-sparkling-welcome.php":[],"inc/welcome-screen/sections/actions-required.php":[],"inc/welcome-screen/sections/changelog.php":[],"inc/welcome-screen/sections/getting-started.php":[],"inc/welcome-screen/sections/recommended-plugins.php":[],"inc/welcome-screen/sections/support.php":[],"inc/welcome-screen/welcome-page-setup.php":[{"name":"esc_html__","line":43,"domain":"text-domain","argument":2},{"name":"esc_html__","line":44,"domain":"text-domain","argument":2}],"inc/widgets/class-sparkling-categories.php":[],"inc/widgets/class-sparkling-popular-posts.php":[],"inc/widgets/class-sparkling-social-widget.php":[],"index.php":[],"page-fullwidth.php":[],"page.php":[],"search.php":[],"searchform.php":[],"sidebar-footer.php":[],"sidebar-home.php":[],"sidebar.php":[],"single.php":[],"template-parts/content-none.php":[],"template-parts/content-page.php":[],"template-parts/content-single.php":[],"template-parts/content.php":[]}